"id";"q1";"q2";"q3";"q4";"q5";"q6";"q7";"q8";"q9";"q10";"groups"
1;2;2;1;2;2;2;3;6;3;4;"light_10pt"
2;4;3;1;6;5;8;2;3;3;5;"light_10pt"
3;2;1;1;2;3;4;2;NA;4;NA;"dark_10pt"
4;5;5;3;3;4;4;3;5;NA;NA;"light_10pt"
5;6;5;3;1;2;2;1;NA;4;5;"light_12pt"
6;NA;3;3;4;1;1;4;4;5;NA;"light_10pt"
7;3;4;3;4;5;2;2;2;NA;NA;"dark_10pt"
8;5;2;1;3;NA;3;5;NA;NA;NA;"dark_10pt"
9;3;1;0;5;3;4;8;4;NA;4;"dark_12pt"
10;3;3;2;5;7;2;1;3;3;NA;"light_12pt"
11;6;3;5;7;2;2;3;3;7;5;"dark_12pt"
12;3;2;2;4;7;6;4;4;5;NA;"dark_12pt"
13;4;1;3;3;NA;3;5;5;3;5;"dark_12pt"
14;3;3;3;0;2;7;4;7;NA;NA;"light_10pt"
15;1;0;8;1;2;5;3;2;3;NA;"dark_12pt"
16;5;4;1;0;6;7;6;2;NA;4;"light_10pt"
17;2;3;4;5;7;1;4;NA;NA;4;"light_10pt"
18;NA;3;2;3;4;2;2;8;3;NA;"light_10pt"
19;2;3;2;5;2;6;3;6;5;NA;"light_10pt"
20;6;2;0;1;2;3;6;6;NA;NA;"dark_10pt"
21;5;3;9;2;2;7;5;2;7;4;"light_10pt"
22;4;4;3;4;4;7;2;4;6;4;"light_10pt"
23;3;3;9;1;4;4;2;2;6;NA;"dark_10pt"
24;8;2;1;2;3;2;2;NA;4;NA;"dark_12pt"
25;4;4;1;4;4;4;NA;2;NA;4;"dark_12pt"
26;4;2;2;5;4;2;6;6;3;NA;"light_10pt"
27;3;3;4;5;4;2;5;3;NA;NA;"light_10pt"
28;3;3;3;6;3;5;4;4;3;NA;"light_10pt"
29;2;2;2;2;2;4;2;NA;3;5;"light_12pt"
30;1;3;4;6;4;4;2;3;4;4;"light_10pt"
31;6;2;3;4;5;2;6;4;4;NA;"dark_12pt"
32;5;3;3;2;3;3;2;3;5;NA;"dark_12pt"
33;4;3;3;2;1;3;3;4;NA;4;"light_12pt"
34;4;1;2;2;3;2;3;3;3;NA;"dark_12pt"
35;NA;3;1;4;3;2;6;4;NA;NA;"light_10pt"
36;3;3;4;3;6;5;3;4;4;NA;"dark_12pt"
37;4;1;3;3;2;4;3;2;3;4;"dark_10pt"
38;2;3;6;1;4;0;2;4;3;4;"light_10pt"
39;2;3;6;2;4;4;2;3;NA;NA;"light_12pt"
40;2;3;4;5;4;5;5;5;5;4;"light_10pt"
41;1;5;3;3;3;5;4;NA;7;4;"light_10pt"
42;2;4;1;0;3;1;4;2;8;NA;"light_12pt"
43;2;3;3;2;5;7;2;3;NA;NA;"light_10pt"
44;2;3;4;1;3;5;1;NA;NA;NA;"light_10pt"
45;1;2;6;2;7;2;6;2;4;4;"light_10pt"
46;1;1;5;4;1;5;3;3;NA;NA;"light_12pt"
47;2;2;5;2;3;5;3;5;NA;NA;"light_12pt"
48;3;0;2;3;1;3;1;3;NA;NA;"dark_10pt"
49;2;5;0;3;2;1;NA;NA;NA;4;"light_10pt"
50;5;8;3;4;5;5;2;4;3;NA;"light_12pt"
51;NA;4;3;3;2;2;2;NA;6;9;"light_12pt"
52;3;5;1;1;3;2;3;3;NA;NA;"dark_10pt"
53;4;5;6;6;2;5;1;3;5;6;"dark_10pt"
54;1;3;1;1;2;8;2;NA;5;NA;"dark_10pt"
55;3;3;6;1;3;2;NA;NA;NA;5;"dark_12pt"
56;2;2;1;5;4;1;2;NA;NA;5;"light_10pt"
57;1;4;4;2;7;3;3;NA;NA;NA;"dark_12pt"
58;4;2;4;4;1;5;2;2;3;NA;"light_12pt"
59;5;2;4;4;1;1;4;4;3;NA;"light_12pt"
60;2;4;4;7;3;3;6;NA;4;NA;"light_10pt"
61;4;4;1;6;1;2;2;7;NA;NA;"light_10pt"
62;1;1;5;1;2;5;7;3;NA;NA;"dark_10pt"
63;2;2;3;4;2;3;1;2;4;NA;"dark_12pt"
64;2;2;5;0;2;2;4;3;NA;4;"light_10pt"
65;4;1;1;3;4;2;2;5;NA;NA;"dark_12pt"
66;3;4;0;4;4;5;2;NA;3;NA;"light_12pt"
67;4;3;2;2;4;0;1;NA;NA;NA;"dark_12pt"
68;4;1;2;6;2;2;2;6;NA;4;"light_12pt"
69;4;7;5;4;1;3;4;6;NA;NA;"light_12pt"
70;3;3;6;3;3;3;2;2;NA;NA;"dark_10pt"
71;4;4;1;5;3;4;4;3;NA;NA;"light_10pt"
72;3;5;5;4;3;3;2;2;NA;5;"dark_12pt"
73;4;5;3;3;3;3;1;2;5;4;"light_10pt"
74;NA;4;2;2;1;5;4;4;4;NA;"dark_12pt"
75;3;3;4;3;5;2;2;4;NA;7;"light_10pt"
76;2;3;4;5;8;0;2;3;NA;NA;"dark_12pt"
77;2;2;3;3;5;5;5;2;3;5;"dark_12pt"
78;3;0;2;3;5;4;NA;4;NA;6;"dark_10pt"
79;2;2;6;4;2;5;3;3;6;4;"dark_10pt"
80;1;2;0;4;3;1;1;NA;NA;NA;"light_10pt"
81;2;2;1;5;3;0;3;3;7;NA;"dark_10pt"
82;4;1;4;1;NA;3;7;2;NA;NA;"dark_12pt"
83;2;2;4;3;4;5;4;5;3;NA;"dark_12pt"
84;4;2;1;2;5;3;5;5;NA;6;"dark_12pt"
85;1;4;3;3;NA;0;4;2;3;5;"light_10pt"
86;3;2;3;2;5;2;3;2;6;NA;"dark_12pt"
87;7;1;2;6;2;2;5;2;5;5;"dark_12pt"
88;5;0;8;2;4;3;3;3;3;4;"light_10pt"
89;5;4;4;3;4;1;4;3;3;NA;"light_10pt"
90;1;3;2;1;4;3;3;3;7;NA;"light_10pt"
91;1;4;1;6;2;2;1;4;NA;5;"dark_12pt"
92;4;1;2;4;2;3;3;NA;NA;NA;"light_10pt"
93;2;1;1;3;3;5;2;7;5;NA;"dark_12pt"
94;4;1;0;1;NA;3;3;3;4;NA;"light_10pt"
95;2;4;2;4;3;4;3;6;NA;NA;"light_12pt"
96;1;4;4;3;3;1;2;3;3;NA;"light_10pt"
97;4;8;6;1;2;4;3;5;NA;6;"dark_10pt"
98;1;3;2;1;6;4;1;7;NA;4;"dark_12pt"
99;3;2;3;3;1;0;NA;NA;NA;NA;"light_12pt"
100;3;2;1;1;3;0;1;NA;6;NA;"dark_12pt"
101;3;4;3;3;2;3;2;5;NA;NA;"light_12pt"
102;2;4;2;7;1;4;1;3;5;4;"light_10pt"
103;3;2;3;2;2;4;5;4;NA;5;"light_10pt"
104;6;4;6;4;9;2;2;4;NA;11;"light_10pt"
105;3;5;4;1;4;4;3;2;NA;NA;"dark_12pt"
106;5;3;4;3;2;3;3;2;NA;5;"dark_12pt"
107;5;3;1;5;6;1;1;2;5;NA;"light_10pt"
108;3;6;2;1;4;3;4;NA;3;NA;"dark_12pt"
109;2;6;5;5;3;5;3;NA;NA;NA;"dark_12pt"
110;1;4;5;2;4;4;4;3;6;NA;"dark_10pt"
111;6;1;4;1;4;1;3;3;NA;NA;"light_12pt"
112;2;5;2;1;2;1;3;2;5;NA;"dark_12pt"
113;1;3;2;4;3;6;4;3;NA;NA;"dark_12pt"
114;6;2;3;4;3;1;4;3;NA;6;"dark_10pt"
115;4;2;3;1;4;2;7;NA;NA;NA;"dark_10pt"
116;1;2;2;7;2;3;2;3;NA;NA;"light_12pt"
117;3;2;4;1;3;4;1;NA;3;NA;"light_10pt"
118;6;6;0;6;3;5;3;2;3;NA;"dark_12pt"
119;3;2;4;4;3;3;2;3;4;NA;"dark_12pt"
120;2;3;5;3;5;2;3;NA;5;5;"dark_10pt"
121;4;2;6;2;5;1;3;NA;6;NA;"light_10pt"
122;2;1;4;2;5;5;4;2;3;6;"dark_10pt"
123;2;4;2;5;1;5;NA;2;NA;5;"light_10pt"
124;2;2;2;6;2;2;2;2;NA;NA;"light_10pt"
125;2;1;5;3;6;3;3;5;4;NA;"dark_10pt"
126;7;1;0;5;6;3;5;2;6;NA;"dark_12pt"
127;1;6;5;4;3;4;2;2;3;NA;"dark_12pt"
128;1;3;3;3;4;6;2;4;7;NA;"dark_12pt"
129;1;1;3;2;3;3;7;3;3;NA;"dark_10pt"
130;4;3;6;6;NA;5;3;NA;3;NA;"dark_12pt"
131;3;3;1;1;2;4;NA;4;NA;NA;"light_10pt"
132;5;5;2;4;3;2;1;2;NA;5;"light_10pt"
133;4;4;1;5;3;3;6;NA;3;NA;"dark_10pt"
134;4;3;1;2;6;2;3;4;3;NA;"light_10pt"
135;3;4;4;3;3;5;5;5;NA;NA;"light_10pt"
136;4;4;3;1;NA;4;5;6;NA;4;"dark_10pt"
137;5;2;3;2;NA;2;4;5;4;NA;"light_10pt"
138;4;2;4;2;2;9;3;3;NA;NA;"dark_10pt"
139;7;3;6;3;2;4;3;5;NA;NA;"light_10pt"
140;3;2;3;4;5;2;3;2;NA;NA;"dark_12pt"
141;2;5;4;5;4;4;2;2;3;4;"dark_12pt"
142;2;2;1;2;4;2;3;4;NA;NA;"light_12pt"
143;NA;1;2;2;2;4;5;NA;NA;6;"dark_12pt"
144;1;6;1;2;1;2;4;3;4;NA;"light_12pt"
145;5;2;1;2;2;2;1;4;3;NA;"dark_12pt"
146;2;2;1;1;4;1;2;4;7;5;"dark_12pt"
147;2;3;2;2;2;3;4;4;5;NA;"dark_12pt"
148;1;3;2;6;2;0;1;6;3;NA;"light_10pt"
149;2;2;3;1;3;2;4;8;4;5;"light_10pt"
150;4;1;4;3;1;2;4;2;4;NA;"light_10pt"
151;5;5;2;4;1;5;5;6;5;NA;"light_10pt"
152;3;3;6;5;NA;1;2;3;4;NA;"light_12pt"
153;2;4;4;3;4;2;2;2;NA;5;"dark_12pt"
154;2;6;1;2;4;3;5;NA;4;NA;"dark_10pt"
155;1;3;2;3;NA;6;2;NA;3;NA;"dark_10pt"
156;2;2;2;1;3;2;5;NA;3;NA;"light_10pt"
157;3;1;3;3;2;4;3;4;3;4;"dark_12pt"
158;2;5;5;1;3;1;2;2;3;4;"light_10pt"
159;3;3;2;2;2;3;3;7;4;6;"dark_12pt"
160;2;2;2;4;6;3;1;2;4;NA;"dark_12pt"
161;3;2;7;2;1;5;5;NA;3;5;"dark_12pt"
162;2;2;1;2;1;2;5;NA;NA;NA;"dark_12pt"
163;4;3;3;4;1;3;4;2;NA;5;"dark_12pt"
164;2;2;4;2;2;3;6;5;NA;6;"dark_12pt"
165;2;1;3;1;3;4;3;6;6;NA;"light_10pt"
166;3;1;9;4;2;1;4;NA;NA;NA;"light_10pt"
167;4;4;0;4;3;4;4;7;5;NA;"light_10pt"
168;2;2;8;3;3;4;2;2;5;NA;"light_10pt"
169;2;1;4;2;2;4;2;3;NA;4;"dark_12pt"
170;2;7;3;1;7;3;2;NA;NA;NA;"dark_12pt"
171;3;2;1;3;NA;2;5;NA;NA;NA;"light_10pt"
172;1;2;3;0;5;2;4;3;NA;NA;"light_10pt"
173;5;4;1;2;1;1;1;2;NA;NA;"light_10pt"
174;4;6;3;5;1;2;5;2;6;4;"light_10pt"
175;4;2;5;2;3;0;3;5;9;6;"light_10pt"
176;3;3;1;0;4;3;3;4;4;NA;"dark_10pt"
177;2;4;2;6;1;2;NA;7;NA;NA;"light_12pt"
178;3;2;5;1;1;2;2;NA;NA;4;"light_12pt"
179;5;1;0;4;2;4;3;3;5;NA;"dark_12pt"
180;3;3;4;5;1;2;6;2;5;NA;"light_12pt"
181;5;0;6;0;5;2;1;2;3;NA;"dark_12pt"
182;2;2;4;5;4;4;3;2;3;NA;"light_12pt"
183;4;4;0;3;3;1;2;3;3;NA;"light_10pt"
184;2;5;3;2;5;1;3;5;3;4;"light_10pt"
185;3;4;4;2;1;7;NA;3;4;NA;"dark_10pt"
186;3;1;0;3;2;7;5;NA;4;NA;"dark_12pt"
187;2;2;5;1;2;4;2;NA;3;NA;"light_10pt"
188;3;4;4;2;NA;0;3;NA;3;NA;"light_10pt"
189;5;4;2;3;2;7;2;4;4;NA;"dark_12pt"
190;5;3;4;4;4;4;6;6;3;NA;"light_10pt"
191;2;1;4;3;2;5;4;6;4;NA;"dark_12pt"
192;2;3;1;4;4;2;2;3;3;NA;"light_10pt"
193;7;3;4;2;1;2;2;3;NA;NA;"dark_12pt"
194;3;4;6;5;4;3;4;4;NA;NA;"dark_12pt"
195;6;0;5;7;3;2;2;4;NA;5;"dark_12pt"
196;3;1;4;4;1;4;2;3;NA;NA;"light_10pt"
197;2;5;4;0;4;1;5;3;NA;4;"light_10pt"
198;4;1;3;3;5;5;3;6;5;5;"dark_10pt"
199;1;7;2;4;3;4;6;4;NA;4;"dark_12pt"
200;3;2;1;2;3;5;4;2;4;NA;"light_10pt"
201;2;5;5;2;2;6;5;2;5;5;"dark_12pt"
202;6;5;4;3;NA;2;3;NA;3;4;"light_10pt"
203;3;3;4;4;4;1;1;5;6;4;"dark_12pt"
204;3;4;0;2;3;1;3;7;5;NA;"dark_12pt"
205;2;3;1;2;4;1;5;3;NA;NA;"dark_12pt"
206;5;8;3;3;3;3;NA;5;NA;NA;"light_10pt"
207;2;1;1;2;3;4;1;2;4;5;"dark_12pt"
208;2;1;4;3;5;5;3;4;NA;NA;"light_10pt"
209;1;4;3;0;4;1;3;4;NA;NA;"light_10pt"
210;1;3;2;3;1;4;8;2;3;NA;"dark_12pt"
211;3;2;2;2;1;7;4;5;NA;NA;"light_10pt"
212;2;9;4;0;5;2;4;3;NA;4;"light_12pt"
213;2;2;1;8;2;4;2;3;3;NA;"dark_10pt"
214;4;3;1;3;3;3;9;NA;5;NA;"light_12pt"
215;NA;1;3;5;2;0;3;NA;3;NA;"dark_12pt"
216;4;4;1;2;3;3;7;6;NA;5;"dark_12pt"
217;2;2;1;6;3;3;3;6;NA;4;"light_10pt"
218;2;4;3;2;2;4;4;3;NA;NA;"dark_12pt"
219;5;1;3;5;3;3;4;2;NA;4;"light_10pt"
220;6;6;2;0;2;5;5;5;3;NA;"light_10pt"
221;2;2;2;5;3;0;4;2;NA;NA;"dark_12pt"
222;6;3;3;1;2;3;NA;3;NA;NA;"dark_12pt"
223;4;1;5;5;2;3;NA;6;3;NA;"dark_12pt"
224;4;5;1;3;2;4;6;3;5;NA;"dark_10pt"
225;1;6;8;4;1;2;3;NA;4;NA;"light_12pt"
226;2;0;0;4;3;3;3;5;NA;NA;"dark_12pt"
227;3;3;1;2;3;1;3;NA;NA;4;"light_12pt"
228;3;2;2;4;2;4;6;2;NA;NA;"dark_12pt"
229;4;5;5;2;5;3;4;2;4;NA;"dark_12pt"
230;5;3;1;3;2;2;2;NA;NA;NA;"dark_12pt"
231;3;0;4;1;2;4;2;NA;NA;4;"light_10pt"
232;3;2;5;2;3;3;4;3;NA;4;"light_10pt"
233;3;2;3;3;2;6;2;5;NA;5;"dark_10pt"
234;1;3;4;3;6;1;3;NA;7;NA;"light_12pt"
235;2;2;2;5;3;0;1;5;4;NA;"light_12pt"
236;2;0;3;3;3;2;6;5;NA;NA;"dark_12pt"
237;1;1;6;5;2;4;2;4;NA;5;"light_12pt"
238;5;4;2;3;NA;3;2;4;3;NA;"light_10pt"
239;1;6;0;3;3;1;3;2;NA;NA;"light_10pt"
240;4;2;7;3;2;1;3;NA;3;NA;"light_12pt"
241;3;1;2;2;3;5;2;2;3;4;"dark_12pt"
242;4;2;4;3;4;1;2;3;4;NA;"light_10pt"
243;1;3;1;10;2;3;4;2;3;NA;"dark_12pt"
244;3;3;7;6;1;3;2;3;NA;4;"light_10pt"
245;2;4;6;4;4;6;3;2;5;NA;"light_10pt"
246;4;2;5;5;1;3;3;3;6;NA;"dark_12pt"
247;2;3;3;6;4;1;1;4;NA;5;"dark_12pt"
248;7;0;4;3;NA;3;3;NA;NA;5;"dark_10pt"
249;7;1;2;2;5;4;3;5;NA;4;"light_10pt"
250;4;4;2;4;5;3;2;NA;4;4;"light_12pt"
251;2;5;10;3;5;3;4;2;NA;NA;"dark_12pt"
252;2;3;7;0;2;3;5;4;4;NA;"dark_12pt"
253;3;3;3;4;2;5;2;3;NA;NA;"light_10pt"
254;2;0;4;2;6;2;2;5;NA;4;"dark_12pt"
255;3;1;2;6;2;2;3;NA;NA;8;"light_10pt"
256;4;5;2;1;6;4;1;5;3;NA;"light_10pt"
257;1;1;3;2;3;5;2;3;3;NA;"dark_12pt"
258;2;2;2;5;3;3;1;2;6;4;"light_10pt"
259;3;7;1;4;4;2;2;NA;8;NA;"dark_12pt"
260;5;3;7;3;2;3;3;3;NA;6;"light_12pt"
261;6;2;4;0;2;2;1;5;4;6;"light_10pt"
262;5;3;5;2;3;1;1;4;NA;NA;"dark_12pt"
263;4;0;3;2;2;3;4;5;3;NA;"light_12pt"
264;6;1;1;4;4;0;2;NA;5;4;"dark_12pt"
265;3;4;4;1;2;1;1;NA;4;8;"light_12pt"
266;3;1;0;6;5;1;3;2;NA;NA;"light_12pt"
267;2;3;1;5;6;2;2;5;6;NA;"light_12pt"
268;2;6;5;2;3;2;1;2;3;NA;"light_10pt"
269;NA;1;1;3;NA;5;1;2;NA;NA;"dark_12pt"
270;3;7;2;2;6;2;3;NA;4;NA;"light_12pt"
271;5;0;2;2;3;6;1;3;4;NA;"dark_12pt"
272;NA;4;2;2;5;3;3;5;3;NA;"dark_12pt"
273;1;3;2;5;3;5;2;5;4;5;"dark_10pt"
274;1;3;0;2;3;2;5;3;NA;NA;"dark_10pt"
275;4;5;5;5;1;2;2;4;3;10;"light_10pt"
276;4;3;6;5;1;1;3;4;6;NA;"light_10pt"
277;7;4;6;1;4;3;2;2;3;4;"light_10pt"
278;3;3;3;2;2;1;2;2;NA;7;"dark_12pt"
279;1;2;3;4;NA;3;2;3;4;4;"light_10pt"
280;4;2;1;3;1;1;4;2;4;NA;"dark_10pt"
281;4;2;2;1;5;1;1;2;3;NA;"dark_12pt"
282;1;5;5;1;4;2;4;NA;4;NA;"dark_10pt"
283;2;3;2;2;NA;3;3;5;NA;NA;"light_10pt"
284;2;4;3;3;4;4;2;4;NA;NA;"light_12pt"
285;1;3;3;6;NA;2;4;NA;NA;NA;"dark_12pt"
286;2;2;1;2;3;2;2;3;8;5;"light_10pt"
287;1;4;3;6;2;1;1;4;3;NA;"light_10pt"
288;2;3;1;1;3;2;2;3;NA;NA;"dark_12pt"
289;1;2;3;5;3;4;1;6;3;6;"dark_10pt"
290;4;3;3;2;3;3;2;3;NA;4;"dark_12pt"
291;2;5;2;2;2;2;7;NA;NA;NA;"light_12pt"
292;1;3;5;1;2;4;1;4;3;NA;"light_10pt"
293;1;2;1;0;2;3;3;4;3;NA;"light_10pt"
294;5;5;2;1;1;1;4;3;3;NA;"dark_10pt"
295;4;2;5;1;3;1;3;2;NA;NA;"dark_12pt"
296;5;2;2;1;NA;7;2;2;5;NA;"light_10pt"
297;7;4;2;5;1;3;2;3;NA;NA;"light_10pt"
298;1;4;5;0;3;3;3;2;4;NA;"light_10pt"
299;1;5;3;2;3;4;4;2;5;NA;"light_10pt"
300;4;3;5;5;3;4;7;2;NA;NA;"dark_12pt"
301;4;0;3;0;4;4;3;4;NA;NA;"light_10pt"
302;NA;3;5;2;12;5;3;NA;7;NA;"dark_12pt"
303;4;3;1;3;6;1;2;5;3;NA;"dark_12pt"
304;4;5;3;3;6;2;1;5;6;NA;"dark_10pt"
305;3;4;4;6;4;5;2;4;NA;NA;"dark_10pt"
306;3;3;1;3;4;2;2;NA;NA;NA;"light_10pt"
307;1;1;3;4;6;6;2;3;NA;4;"light_12pt"
308;NA;1;4;3;2;2;3;2;NA;NA;"light_10pt"
309;3;4;6;2;4;3;2;2;4;NA;"light_10pt"
310;3;1;2;3;1;3;3;NA;NA;5;"dark_12pt"
311;2;2;3;1;3;3;2;3;NA;NA;"light_10pt"
312;3;2;0;4;4;3;1;4;4;5;"light_10pt"
313;4;5;2;2;NA;3;5;2;4;4;"dark_10pt"
314;1;2;3;5;1;2;3;3;NA;NA;"dark_10pt"
315;2;4;3;3;1;3;3;3;3;5;"dark_10pt"
316;4;1;5;2;4;2;3;4;4;NA;"light_12pt"
317;5;4;1;4;2;3;2;2;NA;NA;"dark_12pt"
318;2;2;4;1;3;4;3;5;NA;NA;"dark_10pt"
319;2;3;2;0;4;3;4;4;3;NA;"dark_12pt"
320;5;0;3;3;2;2;NA;2;NA;NA;"dark_12pt"
321;5;4;4;5;2;4;3;NA;3;NA;"dark_10pt"
322;2;2;3;3;2;5;4;3;4;NA;"light_10pt"
323;1;6;2;3;4;2;3;NA;NA;NA;"light_10pt"
324;4;2;4;2;3;3;4;2;3;NA;"light_10pt"
325;1;7;3;4;1;5;4;3;NA;4;"light_10pt"
326;NA;2;2;3;2;2;3;NA;NA;NA;"dark_12pt"
327;10;3;3;0;2;3;1;4;3;4;"dark_10pt"
328;NA;3;1;5;3;3;4;3;3;8;"dark_10pt"
329;2;0;2;2;3;0;2;5;NA;4;"dark_12pt"
330;5;3;3;3;2;2;1;2;NA;NA;"light_12pt"
331;3;3;0;2;2;3;1;4;3;NA;"light_10pt"
332;2;2;2;1;6;3;4;6;NA;5;"dark_10pt"
333;4;3;3;5;3;4;1;3;NA;5;"dark_12pt"
334;5;3;4;3;3;4;3;7;NA;NA;"light_10pt"
335;2;3;4;5;2;5;2;4;NA;5;"light_10pt"
336;3;1;1;1;2;4;3;7;4;NA;"light_12pt"
337;4;4;1;4;3;3;3;NA;3;NA;"dark_10pt"
338;3;4;6;3;2;2;6;4;4;4;"dark_12pt"
339;3;5;6;6;3;0;1;NA;5;NA;"light_10pt"
340;7;3;6;3;1;1;2;2;9;4;"light_10pt"
341;2;2;4;2;3;3;3;NA;3;NA;"dark_12pt"
342;1;3;1;6;6;3;5;4;NA;NA;"dark_10pt"
343;3;2;5;5;NA;1;NA;3;NA;6;"dark_12pt"
344;2;2;6;3;2;2;NA;4;NA;NA;"dark_12pt"
345;3;4;1;3;2;1;2;4;NA;NA;"dark_10pt"
346;2;6;1;4;3;2;2;5;3;NA;"light_10pt"
347;7;2;3;2;1;1;5;5;5;5;"dark_12pt"
348;2;4;2;4;4;3;3;4;4;NA;"dark_12pt"
349;2;3;3;5;1;2;1;6;4;4;"light_10pt"
350;3;3;3;2;2;1;1;3;NA;NA;"light_10pt"
351;1;0;4;6;2;5;1;3;4;NA;"dark_12pt"
352;7;0;5;1;3;2;5;NA;3;NA;"light_10pt"
353;3;1;2;4;3;2;2;3;5;4;"light_10pt"
354;1;0;4;3;8;2;7;5;NA;6;"dark_12pt"
355;3;1;3;2;3;2;4;2;3;NA;"dark_12pt"
356;7;3;1;3;2;4;2;5;3;4;"light_10pt"
357;4;1;0;2;5;3;5;3;5;NA;"light_10pt"
358;2;4;2;4;2;1;4;NA;NA;5;"light_12pt"
359;2;2;2;5;4;4;8;3;NA;NA;"dark_12pt"
360;5;3;2;3;5;6;1;4;NA;NA;"dark_10pt"
361;1;4;3;3;5;2;4;2;3;NA;"light_10pt"
362;1;1;4;2;1;4;7;2;NA;5;"light_10pt"
363;5;5;2;4;2;2;4;2;NA;NA;"dark_12pt"
364;2;3;5;5;3;5;4;2;4;4;"light_10pt"
365;2;2;3;2;2;2;7;NA;3;NA;"dark_12pt"
366;4;2;2;3;5;4;2;2;5;NA;"light_12pt"
367;1;1;2;5;5;1;2;NA;5;5;"light_12pt"
368;NA;3;4;3;4;5;1;6;NA;NA;"dark_12pt"
369;2;1;4;2;3;5;2;6;4;NA;"light_10pt"
370;3;1;3;4;4;5;2;3;NA;NA;"light_10pt"
371;2;2;5;4;NA;0;3;3;NA;5;"light_10pt"
372;2;1;2;4;2;0;2;3;3;NA;"light_10pt"
373;5;2;2;2;1;2;1;2;NA;NA;"dark_10pt"
374;3;3;3;6;5;2;4;4;NA;5;"dark_12pt"
375;3;4;2;0;5;1;NA;NA;NA;NA;"light_12pt"
376;6;5;2;5;5;4;1;NA;3;NA;"light_10pt"
377;4;2;6;1;2;0;6;3;3;NA;"light_12pt"
378;2;6;3;5;NA;5;3;NA;NA;NA;"light_10pt"
379;2;0;0;3;3;3;2;2;NA;NA;"dark_12pt"
380;7;3;6;3;4;4;NA;NA;NA;4;"dark_12pt"
381;3;3;2;4;3;6;2;3;4;NA;"dark_12pt"
382;4;2;0;2;2;3;5;3;NA;NA;"dark_12pt"
383;2;5;7;0;2;6;1;2;NA;4;"dark_12pt"
384;4;1;2;1;2;2;2;4;3;NA;"dark_10pt"
385;3;5;7;1;2;2;3;4;4;5;"dark_10pt"
386;5;1;1;1;3;7;3;3;3;NA;"light_12pt"
387;1;2;3;6;4;2;4;3;4;NA;"dark_12pt"
388;2;5;4;1;2;4;4;4;4;5;"dark_10pt"
389;1;1;1;2;3;2;2;3;NA;6;"light_10pt"
390;2;2;4;4;4;4;2;4;3;NA;"dark_12pt"
391;7;8;3;4;5;4;3;8;6;NA;"dark_12pt"
392;2;4;0;2;6;2;2;3;4;4;"light_12pt"
393;4;3;2;2;2;0;5;5;3;NA;"light_10pt"
394;4;2;3;3;3;2;2;5;NA;NA;"light_10pt"
395;1;3;6;2;1;3;3;3;NA;4;"dark_10pt"
396;2;4;8;5;1;3;1;3;3;NA;"dark_12pt"
397;2;4;2;3;3;2;2;2;3;4;"dark_10pt"
398;1;3;3;3;5;3;5;3;3;NA;"dark_10pt"
399;1;1;3;3;4;2;3;5;NA;NA;"light_10pt"
400;8;2;5;3;3;2;3;3;NA;NA;"light_12pt"
401;7;2;4;3;8;0;2;NA;4;6;"dark_10pt"
402;1;2;3;2;8;3;2;NA;NA;NA;"light_10pt"
403;5;1;2;2;2;2;3;3;NA;6;"light_10pt"
404;3;3;6;2;1;7;4;2;NA;NA;"light_12pt"
405;2;2;4;0;2;0;1;4;5;NA;"dark_10pt"
406;3;4;2;2;3;3;1;NA;3;NA;"dark_12pt"
407;4;3;2;7;4;3;6;2;NA;NA;"light_12pt"
408;1;6;4;3;4;0;1;2;NA;NA;"dark_10pt"
409;2;1;4;6;5;1;NA;2;NA;NA;"light_12pt"
410;4;6;3;2;4;3;2;4;5;NA;"dark_12pt"
411;2;4;5;1;2;3;4;4;NA;NA;"dark_12pt"
412;5;6;4;3;2;5;3;NA;3;4;"dark_12pt"
413;2;3;1;3;4;4;2;3;NA;NA;"light_10pt"
414;3;1;0;5;2;3;1;2;4;6;"light_10pt"
415;2;1;5;5;2;2;7;2;5;NA;"light_12pt"
416;1;4;1;3;5;2;4;3;4;NA;"dark_10pt"
417;6;3;2;5;1;1;2;2;3;NA;"light_10pt"
418;2;2;3;2;1;2;1;NA;3;4;"light_10pt"
419;3;4;3;5;4;2;4;3;3;NA;"dark_10pt"
420;NA;2;2;1;3;6;3;2;NA;4;"dark_12pt"
421;3;5;3;1;3;2;4;4;4;NA;"light_12pt"
422;3;3;5;3;4;4;4;2;3;4;"dark_12pt"
423;3;2;2;8;4;1;3;5;3;NA;"dark_12pt"
424;2;6;2;3;4;2;1;5;3;4;"dark_12pt"
425;5;3;3;1;2;2;4;2;5;NA;"light_10pt"
426;3;1;3;1;7;5;NA;6;NA;NA;"dark_12pt"
427;2;3;1;4;6;3;7;5;4;NA;"dark_12pt"
428;2;7;5;4;NA;2;6;NA;4;NA;"dark_12pt"
429;1;6;3;3;4;2;5;NA;4;NA;"light_10pt"
430;5;3;4;4;2;1;2;4;NA;4;"dark_12pt"
431;6;5;4;2;2;3;3;2;NA;NA;"light_10pt"
432;3;2;2;2;NA;4;2;NA;NA;NA;"dark_10pt"
433;2;4;0;2;4;5;6;NA;NA;4;"light_10pt"
434;9;4;4;3;1;3;5;4;NA;NA;"dark_12pt"
435;2;2;1;1;1;3;4;3;NA;NA;"light_12pt"
436;3;2;3;2;4;4;4;2;NA;5;"light_10pt"
437;1;3;1;6;3;6;4;4;NA;NA;"dark_12pt"
438;3;5;4;8;NA;8;2;4;5;NA;"light_12pt"
439;1;4;1;3;6;2;5;NA;6;NA;"dark_12pt"
440;1;3;4;0;4;2;1;NA;3;NA;"dark_12pt"
441;2;1;4;3;3;5;3;3;NA;NA;"dark_12pt"
442;3;3;2;4;1;2;2;6;NA;NA;"light_12pt"
443;4;0;1;3;5;4;4;NA;3;NA;"dark_10pt"
444;1;3;1;3;4;5;3;3;5;5;"dark_10pt"
445;5;4;0;2;2;1;2;4;4;NA;"dark_12pt"
446;4;4;5;1;1;5;5;NA;6;NA;"light_12pt"
447;4;1;2;1;NA;4;3;NA;3;NA;"dark_12pt"
448;1;3;1;2;2;0;5;3;NA;NA;"light_10pt"
449;2;3;2;3;1;1;3;4;NA;NA;"light_12pt"
450;4;2;3;2;3;3;4;8;NA;NA;"dark_12pt"
451;3;3;4;0;3;5;2;3;NA;4;"dark_12pt"
452;2;4;2;2;2;2;2;6;4;NA;"light_10pt"
453;2;4;1;1;6;2;7;NA;NA;7;"light_12pt"
454;1;1;4;2;4;5;8;6;4;7;"dark_12pt"
455;2;3;5;1;2;2;2;3;3;NA;"dark_10pt"
456;5;4;7;2;4;3;3;NA;5;NA;"light_12pt"
457;4;2;4;1;3;2;2;2;5;4;"light_10pt"
458;4;4;2;3;2;1;8;4;NA;5;"light_12pt"
459;1;5;3;3;1;1;5;2;NA;6;"dark_12pt"
460;1;1;3;1;NA;3;3;7;3;4;"dark_12pt"
461;7;6;1;6;1;6;3;NA;3;NA;"dark_12pt"
462;3;4;3;3;3;2;2;4;4;5;"dark_12pt"
463;3;4;7;1;2;5;5;2;3;NA;"light_12pt"
464;1;1;2;1;NA;1;6;2;NA;7;"dark_12pt"
465;3;0;3;4;5;4;2;3;4;4;"dark_12pt"
466;2;5;2;5;5;2;5;4;NA;NA;"light_10pt"
467;2;6;0;5;5;3;3;NA;NA;NA;"light_12pt"
468;4;1;1;3;3;0;3;5;NA;5;"dark_12pt"
469;2;3;2;1;4;4;2;3;4;NA;"dark_12pt"
470;4;3;0;1;4;5;1;2;3;5;"dark_10pt"
471;1;4;0;3;5;4;1;5;NA;NA;"light_10pt"
472;5;1;1;2;4;1;NA;4;3;5;"light_10pt"
473;3;4;2;4;2;6;2;4;4;NA;"light_10pt"
474;4;2;3;4;3;1;4;2;NA;9;"dark_12pt"
475;4;3;2;2;4;4;2;2;3;4;"dark_12pt"
476;3;4;3;3;2;4;2;5;3;NA;"dark_12pt"
477;3;3;4;2;3;2;4;2;NA;NA;"dark_12pt"
478;NA;10;1;2;2;4;4;4;NA;NA;"light_10pt"
479;2;5;5;3;1;2;2;2;NA;7;"light_10pt"
480;4;5;2;6;2;3;4;4;4;NA;"dark_12pt"
481;2;4;2;3;2;2;3;4;NA;NA;"light_10pt"
482;4;1;2;3;2;3;2;3;3;5;"light_10pt"
483;2;5;4;2;3;2;2;3;4;4;"dark_12pt"
484;4;4;2;2;6;5;1;NA;NA;5;"light_10pt"
485;6;8;6;3;3;2;3;NA;3;NA;"light_10pt"
486;1;0;1;2;2;3;7;5;NA;NA;"light_10pt"
487;1;4;2;7;2;5;1;NA;NA;NA;"dark_12pt"
488;4;2;3;5;3;4;4;6;4;4;"light_12pt"
489;3;3;2;4;1;0;NA;4;3;NA;"light_10pt"
490;5;5;4;4;4;4;8;2;NA;5;"dark_12pt"
491;7;0;4;1;NA;2;7;NA;3;4;"light_10pt"
492;1;0;2;1;NA;6;4;3;7;NA;"dark_10pt"
493;3;9;3;1;4;3;4;4;NA;5;"dark_10pt"
494;4;4;5;5;2;4;3;3;5;5;"dark_12pt"
495;1;2;4;2;2;1;4;3;3;4;"light_12pt"
496;8;4;5;4;1;2;4;2;NA;NA;"dark_10pt"
497;2;8;6;5;4;6;NA;4;3;NA;"dark_12pt"
498;NA;2;2;3;3;3;3;2;NA;NA;"light_10pt"
499;4;3;4;3;1;2;4;5;NA;6;"dark_12pt"
500;4;3;1;1;2;3;NA;5;4;6;"light_12pt"
501;2;6;5;2;1;1;4;NA;3;NA;"light_10pt"
502;2;7;4;2;2;3;5;4;3;NA;"light_10pt"
503;2;3;4;4;3;1;3;5;3;NA;"light_10pt"
504;1;2;2;2;3;2;2;4;4;NA;"light_10pt"
505;2;4;4;3;1;4;4;4;4;NA;"light_12pt"
506;1;3;3;3;2;4;3;4;NA;NA;"dark_10pt"
507;3;3;4;1;NA;7;5;2;4;NA;"light_12pt"
508;3;3;4;0;2;1;3;2;3;NA;"dark_12pt"
509;6;3;5;4;4;3;3;3;4;NA;"light_10pt"
510;2;3;3;5;4;3;3;NA;3;NA;"dark_10pt"
511;3;3;1;6;5;3;7;4;3;NA;"dark_10pt"
512;1;6;2;1;1;3;4;6;5;NA;"light_10pt"
513;5;5;1;4;1;1;5;4;3;5;"dark_12pt"
514;2;2;2;2;4;4;2;NA;3;NA;"dark_12pt"
515;4;2;4;3;2;5;5;NA;4;4;"dark_10pt"
516;1;2;3;1;1;2;NA;3;NA;NA;"light_10pt"
517;3;0;3;2;1;4;2;6;NA;NA;"light_10pt"
518;4;2;3;2;1;6;4;6;NA;4;"light_10pt"
519;1;2;3;4;3;0;3;NA;4;5;"dark_12pt"
520;4;1;2;1;3;3;2;2;3;NA;"dark_12pt"
521;2;4;4;1;3;2;1;NA;NA;NA;"dark_12pt"
522;2;0;3;3;5;3;4;7;NA;NA;"light_10pt"
523;2;4;4;0;1;2;4;5;8;5;"dark_12pt"
524;NA;3;1;3;4;5;2;NA;3;NA;"dark_10pt"
525;3;4;2;3;2;1;3;NA;NA;NA;"dark_12pt"
526;4;0;6;3;1;5;2;3;NA;NA;"dark_12pt"
527;5;0;2;3;1;2;3;2;NA;4;"dark_12pt"
528;NA;2;1;4;5;3;5;5;NA;NA;"light_10pt"
529;8;3;3;8;4;1;2;NA;5;NA;"light_10pt"
530;2;2;6;5;3;5;4;4;5;NA;"light_10pt"
531;6;5;5;1;4;3;2;NA;NA;NA;"dark_10pt"
532;4;4;3;5;4;3;3;3;3;NA;"light_12pt"
533;3;5;4;3;3;3;7;2;4;NA;"dark_12pt"
534;5;2;3;4;5;6;3;5;5;NA;"light_12pt"
535;NA;2;6;4;2;4;1;4;3;5;"light_10pt"
536;4;2;1;2;3;6;5;4;3;NA;"dark_12pt"
537;2;2;3;5;NA;4;2;3;5;5;"light_10pt"
538;5;2;4;1;1;3;5;3;5;NA;"light_10pt"
539;3;6;5;3;4;6;1;2;NA;6;"light_12pt"
540;2;3;5;1;4;4;1;NA;3;5;"light_10pt"
541;4;0;4;2;3;2;1;3;NA;NA;"light_10pt"
542;1;4;1;5;2;2;5;5;NA;NA;"dark_10pt"
543;5;2;4;3;3;0;2;3;5;NA;"light_10pt"
544;2;3;4;3;NA;3;5;4;4;4;"dark_10pt"
545;4;4;4;7;5;3;2;3;NA;6;"dark_12pt"
546;6;2;5;7;4;1;2;3;5;NA;"light_10pt"
547;1;1;2;4;1;4;2;2;NA;NA;"dark_12pt"
548;5;3;6;4;3;1;3;NA;NA;NA;"dark_12pt"
549;4;3;3;0;5;2;2;3;4;NA;"light_10pt"
550;2;7;1;4;2;2;4;3;3;NA;"dark_12pt"
551;2;7;3;6;2;6;2;NA;3;4;"light_10pt"
552;2;1;1;3;4;3;4;2;6;NA;"dark_10pt"
553;3;3;3;4;2;5;5;3;8;NA;"dark_10pt"
554;5;2;2;5;1;2;5;3;3;5;"dark_12pt"
555;3;2;5;3;2;4;2;2;3;NA;"light_12pt"
556;3;2;3;5;2;1;3;2;4;4;"light_10pt"
557;4;4;3;3;4;3;1;2;NA;4;"dark_12pt"
558;3;2;1;0;3;5;1;6;5;NA;"dark_12pt"
559;3;2;3;3;2;2;1;4;NA;6;"dark_12pt"
560;NA;8;2;3;1;2;1;NA;3;NA;"dark_12pt"
561;NA;4;2;3;1;3;NA;2;6;NA;"light_10pt"
562;6;2;5;3;3;5;2;2;NA;NA;"dark_12pt"
563;4;5;3;2;2;4;NA;NA;NA;NA;"light_12pt"
564;2;2;3;4;1;3;1;7;3;NA;"light_10pt"
565;4;3;3;3;NA;5;2;NA;4;NA;"light_10pt"
566;4;1;5;7;5;2;1;NA;4;NA;"light_10pt"
567;2;1;0;1;2;2;1;4;4;6;"dark_10pt"
568;4;5;2;7;6;1;3;NA;NA;NA;"light_12pt"
569;3;1;1;3;4;2;1;NA;NA;NA;"light_10pt"
570;5;5;5;4;5;4;4;5;NA;6;"light_10pt"
571;3;2;3;5;3;8;7;2;6;NA;"light_10pt"
572;5;0;3;4;6;5;4;3;NA;4;"light_10pt"
573;3;4;2;4;4;4;6;3;NA;NA;"dark_12pt"
574;3;2;3;8;2;3;5;NA;NA;8;"dark_12pt"
575;6;0;1;5;4;1;8;NA;3;NA;"light_12pt"
576;4;4;0;4;6;7;2;5;4;5;"light_10pt"
577;2;0;0;1;4;5;4;3;4;NA;"dark_12pt"
578;NA;3;1;1;4;7;4;3;NA;NA;"light_10pt"
579;3;2;2;3;4;3;3;4;8;4;"dark_12pt"
580;3;3;4;1;1;4;4;NA;NA;NA;"light_10pt"
581;5;4;4;4;NA;4;1;NA;4;NA;"light_10pt"
582;4;1;1;3;2;3;NA;3;NA;NA;"light_10pt"
583;5;1;6;1;3;3;1;NA;6;4;"dark_12pt"
584;2;1;1;5;6;4;4;NA;NA;5;"light_12pt"
585;5;4;3;6;6;3;2;6;NA;NA;"light_10pt"
586;1;3;3;2;3;2;2;NA;3;NA;"dark_10pt"
587;2;3;6;1;2;3;5;2;NA;4;"dark_12pt"
588;4;2;5;4;3;3;3;3;NA;7;"dark_12pt"
589;7;3;3;3;4;4;4;NA;4;NA;"light_12pt"
590;3;2;2;1;5;6;3;3;NA;NA;"dark_12pt"
591;3;4;3;3;3;2;4;NA;NA;5;"light_10pt"
592;1;5;4;3;1;2;3;3;NA;NA;"light_12pt"
593;7;4;3;3;4;2;3;2;NA;NA;"dark_12pt"
594;1;3;1;2;5;3;3;3;3;NA;"light_12pt"
595;1;2;1;2;2;3;1;3;4;NA;"dark_10pt"
596;5;1;5;5;1;2;3;2;5;NA;"light_10pt"
597;3;3;3;4;2;3;3;2;3;4;"light_10pt"
598;2;1;4;6;NA;2;1;5;NA;6;"dark_10pt"
599;5;4;5;1;3;2;2;3;4;NA;"light_12pt"
600;NA;2;2;3;3;2;2;3;3;NA;"light_10pt"
601;2;3;2;1;3;3;2;4;6;NA;"light_10pt"
602;4;1;3;3;5;1;4;NA;5;4;"dark_10pt"
603;2;2;2;2;3;1;7;3;5;NA;"light_10pt"
604;2;5;5;3;2;1;3;3;NA;NA;"dark_12pt"
605;1;4;1;3;3;1;4;4;4;NA;"dark_12pt"
606;4;0;1;5;1;4;6;2;NA;NA;"light_10pt"
607;1;5;3;5;4;7;2;2;4;NA;"light_10pt"
608;5;1;1;3;4;4;5;3;4;4;"light_10pt"
609;2;3;4;6;2;4;NA;3;3;NA;"light_10pt"
610;2;3;3;2;1;4;4;3;3;NA;"dark_10pt"
611;3;3;4;3;5;2;2;4;6;NA;"dark_10pt"
612;1;4;2;3;2;3;2;NA;4;NA;"dark_12pt"
613;NA;3;1;4;7;2;5;3;3;NA;"light_10pt"
614;8;8;2;2;4;1;3;NA;3;NA;"light_10pt"
615;3;7;3;2;6;4;3;3;4;5;"dark_12pt"
616;4;2;4;1;4;5;2;2;4;NA;"dark_12pt"
617;5;3;1;3;2;2;3;3;NA;NA;"dark_12pt"
618;4;2;3;3;2;4;6;5;3;NA;"light_10pt"
619;7;3;3;1;NA;3;5;3;3;NA;"light_10pt"
620;NA;2;6;4;5;5;8;4;NA;NA;"dark_10pt"
621;5;0;5;3;3;2;3;3;NA;NA;"dark_10pt"
622;5;0;1;4;2;2;5;6;3;NA;"dark_12pt"
623;4;1;2;2;4;2;2;NA;3;6;"light_12pt"
624;2;4;4;2;4;1;1;2;NA;NA;"dark_12pt"
625;NA;3;4;3;4;4;2;3;NA;NA;"light_10pt"
626;2;5;3;6;3;5;3;3;6;NA;"light_12pt"
627;2;3;2;2;1;3;4;2;3;NA;"dark_10pt"
628;5;1;1;1;5;1;2;5;5;NA;"light_12pt"
629;2;3;2;2;1;5;2;6;NA;NA;"light_12pt"
630;2;5;0;3;5;2;2;5;4;NA;"dark_10pt"
631;4;4;4;2;3;1;4;2;5;NA;"dark_12pt"
632;5;3;4;2;3;5;3;3;NA;NA;"dark_12pt"
633;3;2;2;2;4;3;1;3;NA;4;"dark_12pt"
634;4;4;3;4;2;3;3;5;NA;4;"light_10pt"
635;1;5;0;5;4;2;1;NA;NA;4;"dark_12pt"
636;2;5;1;3;5;2;5;3;NA;NA;"light_10pt"
637;6;1;5;3;4;1;3;2;NA;5;"dark_12pt"
638;4;2;3;3;2;4;6;4;NA;NA;"light_10pt"
639;5;1;3;4;1;5;4;2;4;NA;"light_10pt"
640;2;4;3;4;4;1;3;NA;NA;4;"dark_10pt"
641;3;1;2;1;1;3;2;5;5;NA;"light_10pt"
642;4;5;6;1;1;2;4;3;3;NA;"dark_12pt"
643;5;4;0;6;NA;1;2;3;NA;4;"dark_12pt"
644;2;6;1;2;4;4;2;3;7;NA;"dark_10pt"
645;1;3;7;3;4;2;NA;3;6;4;"dark_12pt"
646;3;6;4;6;1;3;2;3;4;NA;"light_12pt"
647;4;4;10;1;4;1;3;3;NA;NA;"light_12pt"
648;1;5;2;2;4;3;4;NA;NA;NA;"light_10pt"
649;2;2;3;3;3;5;1;2;NA;4;"light_12pt"
650;3;1;1;5;6;0;7;4;5;4;"dark_12pt"
651;4;2;4;4;1;8;4;3;3;NA;"light_12pt"
652;6;4;5;1;1;4;5;4;NA;NA;"dark_10pt"
653;3;2;5;1;6;2;6;6;4;NA;"light_10pt"
654;3;2;0;4;5;4;3;3;NA;4;"light_12pt"
655;4;0;2;6;2;3;2;4;NA;5;"light_10pt"
656;5;3;3;3;2;0;4;NA;NA;5;"dark_12pt"
657;5;1;2;3;6;3;4;4;NA;NA;"dark_10pt"
658;1;5;4;4;1;2;5;4;3;NA;"light_10pt"
659;3;1;0;5;4;9;3;2;3;NA;"dark_12pt"
660;2;4;4;3;3;3;5;2;NA;NA;"light_12pt"
661;5;5;2;3;5;0;3;3;4;5;"light_10pt"
662;4;0;2;4;4;0;2;3;6;NA;"light_12pt"
663;1;2;4;2;3;2;1;3;NA;NA;"light_10pt"
664;4;3;1;6;1;1;3;2;4;5;"light_12pt"
665;2;4;2;0;3;1;4;2;NA;4;"light_10pt"
666;1;2;4;2;3;3;1;4;5;6;"light_12pt"
667;6;6;2;1;1;2;5;3;3;NA;"light_10pt"
668;1;2;3;2;5;2;1;NA;3;5;"dark_12pt"
669;3;3;3;3;2;2;6;7;4;NA;"light_12pt"
670;1;2;1;4;3;3;1;3;5;NA;"dark_12pt"
671;NA;3;0;4;3;2;1;NA;NA;NA;"dark_12pt"
672;3;3;1;2;3;0;3;2;3;NA;"dark_12pt"
673;1;0;4;0;3;7;4;4;5;NA;"light_12pt"
674;2;4;1;6;1;1;2;NA;5;NA;"dark_10pt"
675;2;2;1;5;3;3;2;NA;NA;NA;"light_12pt"
676;3;4;0;3;1;6;4;2;NA;5;"light_12pt"
677;4;3;2;6;3;8;4;3;3;NA;"dark_10pt"
678;2;3;5;3;4;3;4;NA;NA;NA;"light_10pt"
679;3;3;2;1;3;4;3;NA;5;NA;"dark_12pt"
680;3;2;3;1;2;1;2;2;4;NA;"light_12pt"
681;4;2;2;4;2;1;2;4;3;NA;"dark_12pt"
682;4;3;2;6;NA;1;2;3;NA;4;"dark_12pt"
683;5;9;6;1;2;2;4;NA;3;5;"light_10pt"
684;5;2;6;5;4;2;3;2;7;NA;"dark_10pt"
685;6;2;2;3;1;3;4;3;NA;NA;"dark_10pt"
686;3;0;4;0;7;1;3;3;3;NA;"dark_12pt"
687;3;3;2;5;4;2;3;5;3;NA;"light_10pt"
688;1;3;6;6;5;1;4;NA;4;4;"light_10pt"
689;3;4;1;4;3;3;4;2;NA;NA;"dark_12pt"
690;2;6;8;2;2;5;1;2;3;6;"light_10pt"
691;NA;3;2;1;3;4;4;3;NA;NA;"dark_12pt"
692;3;1;2;2;1;3;2;NA;6;NA;"dark_12pt"
693;3;2;1;2;2;4;3;6;NA;4;"dark_12pt"
694;1;5;3;2;2;4;4;4;NA;NA;"dark_12pt"
695;2;5;4;1;2;3;3;7;NA;NA;"light_10pt"
696;3;5;8;1;4;2;4;5;3;NA;"dark_12pt"
697;1;6;1;3;1;2;5;8;3;NA;"dark_10pt"
698;1;4;5;4;3;3;3;2;3;7;"dark_12pt"
699;3;3;3;1;1;1;4;2;5;NA;"light_10pt"
700;2;1;7;1;3;0;6;4;3;4;"dark_10pt"
701;5;4;3;0;NA;3;4;NA;3;NA;"dark_10pt"
702;2;1;4;1;4;3;6;3;3;4;"dark_12pt"
703;NA;3;1;6;5;5;5;4;3;NA;"light_10pt"
704;5;6;3;1;2;4;2;2;NA;NA;"dark_10pt"
705;2;5;2;8;3;3;4;4;5;4;"dark_12pt"
706;3;4;6;4;3;5;4;3;4;NA;"light_12pt"
707;3;1;4;2;1;4;3;5;8;5;"light_10pt"
708;2;3;5;2;4;2;5;2;3;4;"dark_12pt"
709;1;8;5;4;5;7;1;3;3;NA;"dark_12pt"
710;3;3;2;3;6;2;3;NA;3;7;"light_12pt"
711;3;2;7;3;4;7;2;3;5;NA;"dark_12pt"
712;3;1;3;2;NA;3;3;3;3;NA;"dark_12pt"
713;4;1;3;6;4;2;1;6;4;NA;"dark_12pt"
714;4;5;2;4;2;5;7;4;NA;NA;"light_12pt"
715;3;2;1;4;2;4;2;3;3;NA;"dark_12pt"
716;2;6;5;2;NA;3;4;NA;4;5;"light_10pt"
717;NA;3;2;3;2;2;2;4;NA;5;"light_10pt"
718;NA;3;2;6;2;3;3;2;NA;7;"dark_12pt"
719;8;6;4;0;3;4;2;4;NA;NA;"dark_12pt"
720;1;1;3;3;5;3;4;NA;3;NA;"dark_12pt"
721;2;5;7;5;4;3;1;3;NA;6;"light_12pt"
722;4;2;1;2;2;3;2;NA;3;NA;"light_10pt"
723;4;3;3;2;4;3;2;2;NA;4;"dark_12pt"
724;5;2;5;6;2;3;4;NA;3;NA;"light_10pt"
725;3;1;5;1;6;1;3;2;NA;NA;"dark_12pt"
726;4;4;5;3;4;3;4;3;4;4;"dark_12pt"
727;5;1;4;2;2;5;3;NA;NA;4;"light_12pt"
728;3;4;1;1;2;1;9;3;3;4;"light_10pt"
729;4;3;1;3;1;3;2;5;5;NA;"light_10pt"
730;NA;1;1;1;5;5;2;2;4;NA;"dark_12pt"
731;2;8;3;5;3;2;5;NA;NA;NA;"light_10pt"
732;5;3;4;4;5;3;2;2;NA;6;"dark_12pt"
733;4;0;5;1;9;3;1;2;3;NA;"light_12pt"
734;6;6;3;1;3;4;NA;3;NA;NA;"light_12pt"
735;1;5;4;2;2;3;4;2;NA;NA;"light_10pt"
736;2;3;3;6;4;7;5;4;4;NA;"light_10pt"
737;4;2;4;6;5;6;6;5;4;NA;"dark_10pt"
738;8;4;4;1;7;3;3;2;NA;NA;"dark_10pt"
739;2;6;4;5;2;1;2;3;3;7;"light_12pt"
740;NA;5;5;1;4;2;1;2;5;NA;"light_10pt"
741;8;1;2;5;2;8;4;5;3;6;"light_12pt"
742;1;7;1;1;3;2;2;NA;NA;11;"light_10pt"
743;NA;3;1;6;2;2;2;2;NA;NA;"light_10pt"
744;3;0;0;1;4;2;3;4;3;5;"dark_10pt"
745;2;1;5;3;2;3;3;6;4;NA;"light_10pt"
746;3;0;4;4;4;0;2;2;NA;5;"light_12pt"
747;4;5;1;2;6;0;4;4;5;5;"dark_12pt"
748;1;4;1;0;1;2;2;NA;5;NA;"light_10pt"
749;4;6;1;4;3;2;1;4;3;5;"dark_12pt"
750;6;2;3;2;4;0;1;6;4;4;"light_10pt"
751;2;7;4;5;4;4;2;4;10;NA;"light_10pt"
752;2;5;1;3;5;4;2;NA;3;NA;"light_12pt"
753;1;4;1;8;4;4;4;NA;3;6;"dark_10pt"
754;1;3;3;1;5;1;3;3;NA;NA;"light_10pt"
755;3;7;2;0;7;4;4;3;9;NA;"light_10pt"
756;3;3;3;3;3;4;1;5;NA;5;"dark_12pt"
757;3;5;1;3;4;2;4;3;3;NA;"light_12pt"
758;5;2;6;0;3;2;2;4;NA;4;"light_10pt"
759;NA;3;4;4;1;0;5;2;NA;NA;"light_12pt"
760;2;6;3;0;3;3;1;2;6;NA;"light_10pt"
761;3;4;4;3;1;1;4;3;NA;NA;"light_10pt"
762;2;0;2;6;3;4;1;6;3;NA;"dark_12pt"
763;3;1;4;1;1;2;1;2;NA;NA;"light_10pt"
764;3;3;2;6;4;6;2;2;7;NA;"dark_12pt"
765;3;3;4;4;NA;4;3;3;6;NA;"dark_10pt"
766;1;8;2;5;1;3;4;NA;3;4;"light_10pt"
767;1;5;4;2;5;4;2;NA;6;NA;"light_10pt"
768;2;2;2;8;7;2;3;4;4;NA;"light_10pt"
769;4;4;4;4;2;2;3;3;4;NA;"dark_12pt"
770;4;5;3;2;3;4;2;4;NA;NA;"dark_12pt"
771;5;4;0;5;4;3;5;2;3;NA;"light_12pt"
772;4;3;2;6;3;4;5;4;5;4;"dark_12pt"
773;4;1;3;5;5;3;3;5;NA;5;"light_10pt"
774;4;3;2;1;4;4;2;NA;NA;NA;"light_10pt"
775;1;2;3;1;2;3;3;NA;NA;4;"light_10pt"
776;2;3;5;5;1;5;4;2;4;NA;"light_12pt"
777;2;2;4;5;3;6;3;3;NA;NA;"light_12pt"
778;2;2;1;0;3;6;3;8;NA;4;"light_12pt"
779;3;4;1;2;3;2;4;2;NA;NA;"light_10pt"
780;4;3;2;4;4;3;5;2;4;NA;"light_12pt"
781;2;1;2;1;3;2;1;5;NA;4;"light_10pt"
782;5;2;4;0;3;1;5;5;4;NA;"light_10pt"
783;NA;4;1;5;2;3;2;NA;NA;6;"dark_12pt"
784;4;3;7;0;3;6;5;3;NA;NA;"dark_10pt"
785;4;1;5;5;4;1;6;2;4;4;"dark_12pt"
786;3;1;3;1;2;4;2;2;NA;NA;"dark_12pt"
787;2;6;5;2;4;1;4;4;4;NA;"dark_12pt"
788;NA;2;0;2;4;2;3;NA;NA;NA;"dark_12pt"
789;2;4;4;4;2;3;1;4;6;NA;"dark_10pt"
790;5;5;5;3;2;1;2;NA;5;NA;"dark_12pt"
791;6;2;1;1;1;4;1;3;NA;6;"light_10pt"
792;3;0;3;3;3;3;1;NA;4;4;"light_10pt"
793;2;3;4;3;4;5;1;3;4;NA;"dark_10pt"
794;3;5;3;5;3;1;3;NA;NA;5;"dark_12pt"
795;4;2;5;3;6;2;4;NA;NA;5;"light_10pt"
796;2;2;2;6;NA;2;3;4;NA;NA;"light_10pt"
797;1;3;3;2;6;6;4;4;NA;NA;"dark_10pt"
798;2;6;4;4;3;0;1;4;4;NA;"dark_12pt"
799;2;3;2;4;4;1;2;3;NA;NA;"light_12pt"
800;2;3;5;2;3;4;6;3;NA;NA;"light_10pt"
801;3;1;1;6;2;1;2;NA;3;4;"light_10pt"
802;2;5;3;3;2;7;1;2;3;5;"dark_12pt"
803;1;2;2;2;2;0;5;3;NA;NA;"dark_12pt"
804;NA;4;1;3;1;3;5;4;3;NA;"dark_10pt"
805;2;3;4;3;2;5;2;5;3;NA;"dark_10pt"
806;7;1;3;5;2;2;4;NA;4;NA;"light_12pt"
807;3;6;2;6;2;3;3;4;NA;NA;"light_10pt"
808;3;3;5;3;NA;3;1;3;NA;4;"light_12pt"
809;4;5;3;2;4;3;3;2;11;NA;"light_10pt"
810;4;3;6;2;3;6;5;2;NA;NA;"dark_12pt"
811;NA;2;5;0;3;2;3;5;NA;NA;"dark_12pt"
812;4;3;2;4;1;2;3;6;4;4;"dark_10pt"
813;2;4;4;4;NA;6;2;2;NA;NA;"light_10pt"
814;5;4;5;0;1;1;1;5;3;6;"light_10pt"
815;4;3;5;1;NA;5;2;4;NA;NA;"dark_12pt"
816;1;3;1;3;6;2;2;2;4;NA;"light_10pt"
817;2;3;0;1;3;1;1;5;NA;NA;"dark_12pt"
818;1;3;8;2;4;1;3;4;5;4;"dark_12pt"
819;3;3;2;6;3;1;4;4;7;NA;"dark_10pt"
820;3;0;4;2;1;2;2;2;3;NA;"dark_10pt"
821;4;8;3;8;NA;5;5;2;NA;NA;"light_12pt"
822;2;2;2;4;3;2;2;2;6;5;"light_10pt"
823;3;1;4;1;2;4;3;4;4;NA;"light_10pt"
824;8;5;5;3;4;6;4;4;3;NA;"dark_12pt"
825;4;3;1;5;3;2;4;6;NA;5;"dark_12pt"
826;1;5;2;4;3;4;3;NA;3;NA;"light_10pt"
827;3;0;4;3;6;4;2;NA;6;4;"light_12pt"
828;1;5;2;3;1;2;3;3;4;NA;"dark_12pt"
829;2;4;3;3;NA;0;3;3;4;NA;"dark_10pt"
830;4;4;2;2;3;2;3;2;NA;5;"dark_12pt"
831;NA;5;3;5;1;2;3;5;NA;6;"light_10pt"
832;4;3;3;1;2;3;6;2;3;NA;"dark_12pt"
833;3;6;4;3;1;4;1;NA;3;6;"light_12pt"
834;4;2;4;3;1;2;2;NA;NA;NA;"dark_12pt"
835;4;0;3;1;3;3;3;NA;NA;5;"dark_12pt"
836;3;2;2;7;1;2;4;3;3;NA;"dark_12pt"
837;4;4;5;2;3;1;4;2;4;NA;"dark_10pt"
838;4;2;3;0;4;1;NA;NA;3;NA;"dark_12pt"
839;2;6;4;4;2;5;4;5;NA;6;"light_10pt"
840;1;4;5;3;4;3;2;6;NA;4;"light_10pt"
841;6;2;3;0;1;5;5;NA;4;NA;"light_12pt"
842;4;3;2;2;3;5;3;3;NA;NA;"dark_12pt"
843;3;2;5;5;2;1;1;2;6;NA;"light_10pt"
844;1;4;4;2;1;4;2;NA;NA;NA;"light_12pt"
845;3;3;3;1;2;3;4;5;5;NA;"dark_10pt"
846;2;0;4;4;3;3;3;4;NA;NA;"dark_12pt"
847;5;3;4;3;2;4;4;3;3;NA;"light_10pt"
848;NA;2;2;2;3;6;2;3;3;NA;"dark_12pt"
849;2;4;2;3;6;4;2;4;3;NA;"dark_12pt"
850;1;2;2;5;3;6;4;5;3;5;"dark_12pt"
851;2;5;6;5;2;2;4;6;4;4;"dark_10pt"
852;4;5;2;2;4;0;2;5;4;NA;"dark_12pt"
853;8;3;3;3;3;1;1;5;5;NA;"light_12pt"
854;4;1;0;0;1;4;3;NA;3;7;"dark_12pt"
855;3;3;4;3;2;3;3;4;4;NA;"dark_12pt"
856;3;3;2;1;1;3;1;3;NA;4;"light_12pt"
857;6;8;3;4;1;0;NA;4;4;NA;"light_10pt"
858;1;2;6;1;4;1;1;NA;NA;NA;"dark_12pt"
859;1;4;2;2;4;1;3;NA;4;NA;"light_10pt"
860;5;6;4;4;3;8;4;3;NA;6;"dark_12pt"
861;3;3;4;2;1;4;6;4;3;NA;"dark_10pt"
862;NA;4;2;3;5;3;3;5;NA;5;"dark_12pt"
863;4;1;1;5;9;0;6;4;4;NA;"dark_12pt"
864;3;5;2;4;NA;2;2;5;8;NA;"light_10pt"
865;3;3;4;4;3;1;NA;4;3;NA;"dark_12pt"
866;2;2;4;3;4;4;NA;NA;4;4;"light_10pt"
867;1;2;4;1;3;2;4;3;5;4;"light_12pt"
868;1;5;6;5;2;5;6;2;NA;5;"light_10pt"
869;3;3;0;4;3;2;2;NA;NA;NA;"dark_12pt"
870;3;4;2;5;2;3;2;NA;NA;NA;"light_12pt"
871;1;2;3;1;7;0;3;3;3;NA;"light_10pt"
872;1;5;1;5;4;3;6;4;NA;NA;"light_10pt"
873;4;2;0;2;4;4;NA;5;3;5;"light_10pt"
874;3;2;1;2;NA;4;1;4;4;NA;"dark_12pt"
875;5;2;4;5;2;1;4;2;NA;4;"dark_12pt"
876;4;6;5;1;3;3;2;4;3;NA;"dark_10pt"
877;NA;2;2;0;1;3;2;NA;5;7;"light_12pt"
878;4;1;2;4;2;4;5;3;NA;7;"light_10pt"
879;5;5;2;0;1;2;3;7;NA;NA;"dark_10pt"
880;3;2;6;5;2;3;2;3;NA;NA;"light_12pt"
881;1;5;3;5;2;4;3;2;5;NA;"dark_10pt"
882;6;1;4;1;3;2;3;2;3;NA;"dark_10pt"
883;4;2;5;2;5;3;1;5;NA;NA;"light_10pt"
884;1;2;3;4;3;2;3;2;4;4;"dark_10pt"
885;4;0;2;5;3;3;3;4;NA;NA;"dark_12pt"
886;6;4;6;2;2;5;2;2;9;5;"light_10pt"
887;2;2;4;3;2;6;4;6;4;5;"dark_10pt"
888;2;2;0;2;1;3;6;8;NA;4;"dark_12pt"
889;2;2;3;4;4;3;3;3;3;NA;"light_10pt"
890;2;3;5;2;6;6;3;3;NA;5;"dark_12pt"
891;3;3;1;4;5;4;4;2;NA;4;"dark_12pt"
892;4;8;6;2;2;6;2;2;4;NA;"dark_12pt"
893;4;2;0;2;2;4;2;6;6;NA;"dark_10pt"
894;3;4;1;0;2;2;1;3;NA;NA;"dark_10pt"
895;4;7;0;2;2;4;5;7;NA;NA;"light_10pt"
896;4;3;2;3;3;3;7;2;5;NA;"light_10pt"
897;NA;2;4;2;3;5;2;3;NA;NA;"dark_12pt"
898;2;5;4;1;1;6;3;5;NA;NA;"dark_12pt"
899;1;1;3;9;3;3;2;3;NA;NA;"dark_12pt"
900;4;3;1;2;NA;3;1;4;3;5;"dark_10pt"
901;6;3;7;3;4;3;5;4;NA;5;"light_10pt"
902;3;2;3;1;6;4;2;NA;NA;NA;"light_12pt"
903;5;1;4;4;6;7;5;2;3;NA;"dark_12pt"
904;3;5;2;3;5;3;3;2;4;NA;"light_12pt"
905;4;3;4;2;3;2;4;4;NA;NA;"light_10pt"
906;3;3;3;2;2;5;NA;NA;NA;NA;"dark_10pt"
907;4;3;5;2;2;5;3;NA;NA;NA;"dark_12pt"
908;5;4;2;5;6;3;NA;3;6;NA;"dark_10pt"
909;5;3;2;5;4;2;6;2;3;5;"light_10pt"
910;1;3;4;4;2;3;3;3;NA;6;"dark_12pt"
911;NA;1;4;2;3;6;1;4;3;NA;"light_12pt"
912;1;3;3;4;4;3;3;4;NA;NA;"light_10pt"
913;5;3;4;3;4;2;5;2;NA;5;"dark_12pt"
914;3;3;2;0;3;2;1;NA;5;5;"dark_12pt"
915;2;3;5;3;2;2;6;4;NA;NA;"dark_10pt"
916;6;1;3;3;2;3;5;NA;3;NA;"light_12pt"
917;3;1;4;2;4;5;3;4;NA;NA;"dark_12pt"
918;3;4;4;0;4;0;5;2;NA;NA;"light_10pt"
919;2;5;4;7;1;5;4;6;NA;6;"light_10pt"
920;2;1;4;8;3;2;9;NA;4;4;"light_10pt"
921;4;4;1;1;3;4;4;7;4;NA;"light_10pt"
922;NA;3;3;3;1;4;3;4;NA;NA;"dark_10pt"
923;2;8;4;7;2;3;5;2;7;6;"light_12pt"
924;5;3;2;1;2;3;1;2;4;4;"light_12pt"
925;4;3;4;2;1;3;1;4;NA;5;"light_12pt"
926;4;2;1;3;5;4;1;NA;5;5;"light_10pt"
927;2;3;4;5;2;7;4;6;NA;5;"dark_10pt"
928;3;1;6;3;1;5;4;2;3;5;"light_12pt"
929;1;3;4;0;3;1;NA;3;NA;NA;"light_12pt"
930;4;6;4;5;4;3;6;4;4;5;"light_12pt"
931;5;3;2;5;3;1;7;2;4;NA;"dark_12pt"
932;2;3;1;5;3;3;5;5;6;NA;"dark_12pt"
933;4;0;3;4;4;1;2;NA;3;NA;"light_10pt"
934;3;0;1;0;5;1;3;5;NA;NA;"dark_12pt"
935;6;0;4;1;5;5;2;6;4;4;"light_12pt"
936;1;1;2;5;3;6;1;4;NA;4;"light_10pt"
937;3;3;3;2;4;2;3;8;4;5;"light_10pt"
938;5;4;2;0;1;2;2;4;4;NA;"dark_10pt"
939;5;2;2;3;2;3;1;NA;3;NA;"light_10pt"
940;NA;4;3;4;2;3;NA;4;3;NA;"light_12pt"
941;7;3;2;5;1;6;2;3;4;NA;"dark_10pt"
942;3;2;5;1;NA;4;2;7;3;4;"dark_12pt"
943;2;0;1;2;2;2;3;NA;NA;NA;"dark_10pt"
944;2;4;1;2;1;3;2;NA;4;6;"light_10pt"
945;1;1;1;2;5;7;2;3;3;4;"dark_10pt"
946;1;5;6;3;3;3;NA;4;3;4;"dark_10pt"
947;2;1;3;6;3;1;7;2;NA;6;"dark_10pt"
948;2;4;4;7;3;1;3;2;4;NA;"dark_12pt"
949;2;5;0;1;1;5;NA;3;NA;NA;"dark_10pt"
950;2;2;3;2;4;5;3;5;NA;5;"light_12pt"
951;3;1;0;5;4;3;3;9;NA;NA;"dark_12pt"
952;1;4;3;8;1;2;3;6;4;NA;"dark_12pt"
953;6;2;5;4;3;2;5;NA;5;5;"light_10pt"
954;NA;2;1;1;4;1;NA;NA;7;NA;"light_10pt"
955;2;3;2;1;2;3;2;4;NA;5;"dark_12pt"
956;6;3;5;2;4;4;1;NA;3;NA;"dark_12pt"
957;3;2;0;2;3;5;3;7;NA;NA;"light_12pt"
958;1;4;4;2;2;5;1;2;NA;NA;"light_12pt"
959;2;3;3;4;5;6;7;2;5;NA;"light_10pt"
960;3;1;1;1;NA;2;1;3;4;NA;"dark_12pt"
961;3;8;5;3;5;0;NA;2;3;NA;"light_10pt"
962;3;2;1;4;5;2;3;2;5;NA;"dark_10pt"
963;3;1;4;6;2;10;2;3;4;NA;"light_12pt"
964;1;2;3;4;2;3;3;2;3;NA;"light_10pt"
965;5;2;4;2;3;8;1;5;3;NA;"dark_10pt"
966;3;2;1;0;3;4;2;2;4;NA;"dark_10pt"
967;3;2;5;0;1;2;4;2;3;7;"dark_12pt"
968;1;0;0;1;2;5;2;7;NA;NA;"dark_10pt"
969;4;6;2;5;2;3;1;NA;NA;NA;"dark_12pt"
970;3;3;2;0;1;5;1;NA;NA;4;"dark_12pt"
971;4;2;4;2;7;2;4;3;NA;NA;"light_10pt"
972;NA;5;2;5;2;6;2;2;NA;NA;"light_10pt"
973;5;3;2;3;6;3;2;NA;NA;4;"dark_10pt"
974;2;3;1;4;4;1;1;3;5;4;"light_12pt"
975;2;4;3;6;2;4;3;NA;NA;NA;"dark_12pt"
976;3;4;3;4;4;1;4;5;6;6;"dark_12pt"
977;6;1;7;2;2;3;4;5;7;4;"light_10pt"
978;NA;2;1;7;4;4;6;2;NA;NA;"light_10pt"
979;2;6;5;6;1;3;3;4;3;NA;"light_12pt"
980;2;1;0;3;2;3;4;NA;3;4;"light_10pt"
981;3;4;4;1;7;6;NA;NA;NA;NA;"light_12pt"
982;4;3;2;3;NA;2;5;5;4;NA;"light_10pt"
983;6;1;1;5;3;0;2;4;4;4;"light_10pt"
984;3;2;1;1;4;2;2;5;NA;4;"dark_12pt"
985;5;4;2;3;2;2;4;NA;4;NA;"light_10pt"
986;4;1;6;7;3;5;1;NA;3;5;"light_12pt"
987;1;2;8;2;5;3;7;2;3;NA;"dark_10pt"
988;1;3;2;2;3;1;5;2;NA;7;"dark_12pt"
989;1;3;1;1;1;2;1;3;NA;NA;"dark_12pt"
990;3;2;4;2;2;1;1;3;NA;NA;"light_10pt"
991;1;3;3;3;4;5;2;NA;3;NA;"dark_12pt"
992;2;1;2;2;NA;1;1;3;4;5;"dark_12pt"
993;3;5;4;3;6;2;3;5;3;6;"dark_12pt"
994;2;1;2;7;4;3;4;2;NA;NA;"light_12pt"
995;3;1;5;3;2;2;2;5;4;NA;"light_10pt"
996;5;5;1;1;1;5;2;NA;NA;NA;"light_12pt"
997;3;2;5;4;6;5;1;2;3;5;"light_12pt"
998;2;4;1;4;2;5;1;5;7;NA;"dark_12pt"
999;4;2;3;2;4;4;7;5;NA;NA;"light_10pt"
1000;1;3;4;3;NA;5;4;2;4;5;"light_10pt"
